id,name,price,img,desc,ven,createdTime
1662813650,"Product number 1",1.11,img/product_img/1662813650.png,"this is desc 1","real vendor 1","10-09-2022 12:40:49"
1662813665,"product number 2",2.22,img/product_img/1662813665.png,"this is desc 2","real vendor 1","10-09-2022 12:41:05"
1662813697,"Product number 3",3.33,img/product_img/1662813697.png,"this is desc 3","real vendor 1","10-09-2022 12:41:36"
1662813734,"Product number 4",4.44,img/product_img/1662813734.jpg,"This is desc 4","real vendor 1","10-09-2022 12:42:14"
1662884100,"product name 5",0.23,img/product_img/1662884100.png,"this is desc 5","real vendor 1","11-09-2022 08:15:00"
1662888286,product696969696,1.11,img/product_img/1662888286.jfif,description,Khuedz,"11-09-2022 09:24:46"
1662891710,Khuedzdzdzdzdzd,99.99,img/product_img/1662891710.jfif,"khue ko an mung",Khuedz,"11-09-2022 10:21:49"
1662892356,"Definitely an item",11.12,img/product_img/1662892356.gif,"Definitely an item Definitely an item Definitely an item Definitely an item Definitely an item Definitely an item",Khuedz,"11-09-2022 10:32:36"
1662892404,rocktoyrock,22.22,img/product_img/1662892404.gif," this is a rockthis is a rockthis is a rockthis is a rockthis is a rockthis is a rockthis is a rockthis is a rockthis is a rock",Khuedz,"11-09-2022 10:33:23"
1662892511,"Definitely an item 2",33.22,img/product_img/1662892511.png," ronaldo and messi ronaldo and messi ronaldo and messi ronaldo and messi ronaldo and messi ronaldo and messi ronaldo and messi ronaldo and messi  ronaldo and messi ronaldo and messi ronaldo and messi ronaldo and messi ronaldo and messi ronaldo and messi ronaldo and messi ronaldo and messi  ronaldo and messi ronaldo and messi ronaldo and messi ronaldo and messi ronaldo and messi ronaldo and messi ronaldo and messi ronaldo and messi",Khuedz,"11-09-2022 10:35:11"
1662892563,"Definitely an item 2",99.99,img/product_img/1662892563.png," ronaldo and messi ronaldo and messi ronaldo and messi ronaldo and messi ronaldo and messi ronaldo and messi ronaldo and messi ronaldo and messi ronaldo and messi ronaldo and messi ronaldo and messi ronaldo and messi ronaldo and messi ronaldo and messi ronaldo and messi ronaldo and messi ronaldo and messi ronaldo and messi ronaldo and messi ronaldo and messi ronaldo and messi ronaldo and messi ronaldo and messi ronaldo and messi ronaldo and messi ronaldo and messi ronaldo and messi ronaldo and messi ronaldo and messi ronaldo and messi ronaldo and messi ronaldo and messi ronaldo and messi ronaldo and messi ronaldo and messi ronaldo and messi ronaldo and messi ronaldo and messi ronaldo and messi ronaldo and messi ronaldo and messi ronaldo and messi ronaldo and messi ronaldo and messi ronaldo and messi ronaldo and messi ronaldo and messi ronaldo and messi ronaldo and messi ronaldo and messi ronaldo and messi ronaldo and messi ronaldo and messi ronaldo and messi ronaldo and messi ronaldo and messi",Khuedz,"11-09-2022 10:36:02"
1662894141,"Wireless Mouse",12.70,img/product_img/1662894141.jpg,texttexttexttext,Khuedz,"11-09-2022 11:02:20"
1662898756,"product number 111",1.05,img/product_img/1662898756.png,"this is","real vendor 1","11-09-2022 12:19:15"
1662898804,"product number 222",120.22,img/product_img/1662898804.png,"this is the one ()","real vendor 1","11-09-2022 12:20:03"
1662901808,"Special Autumn Tee ",39.99,img/product_img/1662901808.png,"BAPE special edition Tee!! Only available for 10 days.                Manufactured in Japan.                100% Shell Cotton.",Khuedz,"11-09-2022 01:10:08"
1662902054,"Men carp Tee",24.99,img/product_img/1662902054.png,"New arrival from China.               Free delivery for orders from 49.99$.",Khuedz,"11-09-2022 01:14:14"
1662902305,"BAPE Shorts",34.99,img/product_img/1662902305.png,"Made from a lightweight woven fabric and lined for added comfort, they are the perfect pick for warmers days.",Khuedz,"11-09-2022 01:18:24"
1662902439,"Akali Purple Tee",10.99,img/product_img/1662902439.png,"Akali fans now can get a better look with this comforting, high quality t shirt from Riot Games official merch store.",Khuedz,"11-09-2022 01:20:38"
1662903733,"Monkey Camo Shorts",20.49,img/product_img/1662903733.png,"Designed for gymer, or you can just wear for casual hangs due to a fresh brand new looks. Extreme comfort and durability.",Khuedz,"11-09-2022 01:42:13"
1662903837,"Custom Movie Tee",25.00,img/product_img/1662903837.png,"This shirt is designed by YOU. You can make a custom tee with your favorite movie poster with our new service. High quality shirt along with high resolution printed image.",Khuedz,"11-09-2022 01:43:57"
1662903988,"Pill necklace",10.99,img/product_img/1662903988.png,"Style yourself with out newest jewerly collection inspired by hospitals. Comes at a great price, this is a must for jewerly lovers.",Khuedz,"11-09-2022 01:46:27"
1662904130,"Gold Rabbit necklace",2400.00,img/product_img/1662904130.png,"REAL gold. Designed by Johnny Dang and wore by LeBron James. Place order now or someone might get it before you.",Khuedz,"11-09-2022 01:48:49"
1662904254,"Nike Earings",30.99,img/product_img/1662904254.png,"Handcrafted in pure .925 Sterling Silver. Rhodium plating added to enhance shine and durability. A thoughtful jewelry gift that will be cherished for years.",Khuedz,"11-09-2022 01:50:53"
1662904369,"Basic Hoodie",24.99,img/product_img/1662904369.png,"Get your winter ready with our 2021 best selling products. Come in many colors. Ship worldwide.",Khuedz,"11-09-2022 01:52:48"
